reference_id,category,ward,status,title,description,public_summary,location_text,created_at,resolved_at,officer_email,source_note
GS-26-0001,Water Supply,Ward 01 · Main Street,Resolved,Low water pressure at public tap,Residents report reduced pressure from the community tap during morning hours.,Community tap pressure issue near Main Street.,"Near community tap, Main Street",2026-02-07T00:00:00Z,2026-02-11T00:00:00Z,officer1@gpportal.demo,Synthetic CPGRAMS-style academic demonstration record; not an official grievance
GS-26-0002,Roads,Ward 02 · Market Road,Resolved,Pothole near the weekly market,A deep pothole has formed at the market approach and is difficult for two-wheelers after rain.,Pothole repaired at the market approach.,Weekly market approach,2026-02-17T00:00:00Z,2026-02-25T00:00:00Z,officer2@gpportal.demo,Synthetic CPGRAMS-style academic demonstration record; not an official grievance
GS-26-0003,Street Lights,Ward 03 · School Cross,Resolved,Street light not working near school,"The street light at the school cross has not worked for about a week, making the lane dark after sunset.",Street light restored at the school cross.,School cross,2026-03-01T00:00:00Z,2026-03-04T00:00:00Z,officer1@gpportal.demo,Synthetic CPGRAMS-style academic demonstration record; not an official grievance
GS-26-0004,Sanitation,Ward 04 · Lake Side,Resolved,Missed waste collection,Household waste was not collected on the usual collection day for two consecutive weeks.,Waste collection route was completed.,Lake-side collection point,2026-03-08T00:00:00Z,2026-03-14T00:00:00Z,officer2@gpportal.demo,Synthetic CPGRAMS-style academic demonstration record; not an official grievance
GS-26-0005,Welfare Schemes,Ward 05 · Hill View,Resolved,Pension application status enquiry,Applicant requests an update on a submitted old-age pension application.,Application status checked and applicant guided.,Ward service centre,2026-03-16T00:00:00Z,2026-03-28T00:00:00Z,officer1@gpportal.demo,Synthetic CPGRAMS-style academic demonstration record; not an official grievance
GS-26-0006,Drainage,Ward 01 · Main Street,Resolved,Drain water overflowing after rain,A blocked roadside drain overflowed onto the lane after heavy rain.,Drain cleared and flow restored.,Main Street junction,2026-03-22T00:00:00Z,2026-03-27T00:00:00Z,officer2@gpportal.demo,Synthetic CPGRAMS-style academic demonstration record; not an official grievance
GS-26-0007,Water Supply,Ward 06 · River Bend,Resolved,Irregular water supply schedule,Water supply timing has varied over the last ten days and households cannot plan storage.,Supply schedule shared and valve timing adjusted.,River Bend public standpost,2026-04-02T00:00:00Z,2026-04-11T00:00:00Z,officer1@gpportal.demo,Synthetic CPGRAMS-style academic demonstration record; not an official grievance
GS-26-0008,Roads,Ward 03 · School Cross,Resolved,Broken culvert cover,The small culvert cover on the school route is damaged and needs a temporary safety repair.,Culvert cover secured and repair logged.,School route culvert,2026-04-13T00:00:00Z,2026-04-27T00:00:00Z,officer2@gpportal.demo,Synthetic CPGRAMS-style academic demonstration record; not an official grievance
GS-26-0009,Street Lights,Ward 02 · Market Road,Resolved,Two lights out on market lane,Two consecutive lights are not functioning on the lane used by evening vendors.,Both lamps replaced.,Market lane,2026-04-25T00:00:00Z,2026-04-29T00:00:00Z,officer1@gpportal.demo,Synthetic CPGRAMS-style academic demonstration record; not an official grievance
GS-26-0010,Sanitation,Ward 05 · Hill View,Resolved,Public bin overflowing,The public bin near the bus stop is overflowing before the scheduled collection.,Bin emptied and extra collection added.,Hill View bus stop,2026-05-03T00:00:00Z,2026-05-05T00:00:00Z,officer2@gpportal.demo,Synthetic CPGRAMS-style academic demonstration record; not an official grievance
GS-26-0011,Water Supply,Ward 04 · Lake Side,Resolved,Leak at shared pipeline joint,A visible leak is wasting water near the shared pipeline joint.,Pipeline joint repaired.,Lake-side footpath,2026-05-18T00:00:00Z,2026-05-25T00:00:00Z,officer1@gpportal.demo,Synthetic CPGRAMS-style academic demonstration record; not an official grievance
GS-26-0012,Welfare Schemes,Ward 02 · Market Road,Resolved,Ration card name correction guidance,Citizen needs help understanding where to submit a correction request for a ration card entry.,Correct office and required documents explained.,Ward service centre,2026-05-29T00:00:00Z,2026-06-08T00:00:00Z,officer2@gpportal.demo,Synthetic CPGRAMS-style academic demonstration record; not an official grievance
GS-26-0013,Roads,Ward 06 · River Bend,Resolved,Eroded shoulder on approach road,Rain has eroded the shoulder of the approach road near a bend.,Shoulder filled and temporary markers placed.,River Bend approach road,2026-06-06T00:00:00Z,2026-06-22T00:00:00Z,officer1@gpportal.demo,Synthetic CPGRAMS-style academic demonstration record; not an official grievance
GS-26-0014,Drainage,Ward 03 · School Cross,Resolved,Water stagnating near anganwadi,Rainwater remains stagnant near the anganwadi entrance and affects access.,Outlet cleared and stagnant water drained.,Anganwadi entrance,2026-06-17T00:00:00Z,2026-06-22T00:00:00Z,officer2@gpportal.demo,Synthetic CPGRAMS-style academic demonstration record; not an official grievance
GS-26-0015,Street Lights,Ward 01 · Main Street,Resolved,Light flickering at junction,A street light flickers intermittently at the junction after dark.,Connection checked and light stabilised.,Main Street junction,2026-06-28T00:00:00Z,2026-07-01T00:00:00Z,officer1@gpportal.demo,Synthetic CPGRAMS-style academic demonstration record; not an official grievance
GS-26-0016,Sanitation,Ward 06 · River Bend,Resolved,Open dumping at collection point,Small quantities of mixed waste are being left beside the collection point.,Area cleaned and awareness notice put up.,River Bend collection point,2026-07-04T00:00:00Z,2026-07-15T00:00:00Z,officer2@gpportal.demo,Synthetic CPGRAMS-style academic demonstration record; not an official grievance
GS-26-0017,Water Supply,Ward 02 · Market Road,In Progress,Tap stand requires a new handle,The public tap handle is loose and difficult for older residents to operate.,Public tap handle replacement is in progress.,Market Road public tap,2026-07-21T00:00:00Z,,officer1@gpportal.demo,Synthetic CPGRAMS-style academic demonstration record; not an official grievance
GS-26-0018,Roads,Ward 04 · Lake Side,In Progress,Road edge damaged by runoff,Runoff has damaged the road edge near the bend; inspection is requested.,Site inspection completed; patch work scheduled.,Lake-side bend,2026-08-02T00:00:00Z,,officer2@gpportal.demo,Synthetic CPGRAMS-style academic demonstration record; not an official grievance
GS-26-0019,Welfare Schemes,Ward 01 · Main Street,Assigned,Eligibility document checklist requested,Resident requests a checklist of documents for a housing scheme application.,Checklist request routed to the scheme facilitator.,Ward service centre,2026-08-18T00:00:00Z,,officer1@gpportal.demo,Synthetic CPGRAMS-style academic demonstration record; not an official grievance
GS-26-0020,Drainage,Ward 05 · Hill View,Assigned,Drain cover is displaced,A drain cover has shifted and needs to be placed safely.,Assigned for field verification.,Hill View crossroad,2026-08-23T00:00:00Z,,officer2@gpportal.demo,Synthetic CPGRAMS-style academic demonstration record; not an official grievance
GS-26-0021,Water Supply,Ward 03 · School Cross,Submitted,Water pressure low in upper lane,Households in the upper lane report low water pressure in the evening.,Low water pressure reported in the upper lane.,"Upper lane, School Cross",2026-09-03T00:00:00Z,,,Synthetic CPGRAMS-style academic demonstration record; not an official grievance
GS-26-0022,Sanitation,Ward 02 · Market Road,Submitted,Waste pickup delayed this week,The regular waste pickup was missed this week at the market lane.,Waste pickup delay reported in the market lane.,Market lane collection point,2026-09-08T00:00:00Z,,,Synthetic CPGRAMS-style academic demonstration record; not an official grievance
GS-26-0023,Roads,Ward 05 · Hill View,In Progress,Small pothole on bus route,A pothole has appeared on the bus route close to the Hill View stop.,Pothole filling work is in progress.,Hill View bus stop road,2026-09-12T00:00:00Z,,officer2@gpportal.demo,Synthetic CPGRAMS-style academic demonstration record; not an official grievance
GS-26-0024,Street Lights,Ward 04 · Lake Side,Submitted,Lamp out beside footpath,The lamp beside the lakeside footpath is not turning on.,Street lamp out beside lakeside footpath.,Lake-side footpath,2026-09-15T00:00:00Z,,,Synthetic CPGRAMS-style academic demonstration record; not an official grievance
GS-26-0025,Welfare Schemes,Ward 06 · River Bend,Rejected,Request relates to a department outside GP scope,Citizen requests an update on a state department application; referred to the appropriate service channel.,Referred to the relevant state service channel.,Ward service centre,2026-09-17T00:00:00Z,,officer1@gpportal.demo,Synthetic CPGRAMS-style academic demonstration record; not an official grievance
GS-26-0026,Drainage,Ward 02 · Market Road,Submitted,Drain blockage after market day,Drain near the market is blocked with leaves and needs cleaning.,Drain blockage reported near the market.,Market Road drain,2026-09-19T00:00:00Z,,,Synthetic CPGRAMS-style academic demonstration record; not an official grievance
GS-26-0027,Water Supply,Ward 05 · Hill View,Assigned,Leak observed at pipeline valve,Water is leaking from the valve chamber and may need a replacement seal.,Leak inspection assigned to the water team.,Hill View valve chamber,2026-09-21T00:00:00Z,,officer1@gpportal.demo,Synthetic CPGRAMS-style academic demonstration record; not an official grievance
GS-26-0028,Sanitation,Ward 03 · School Cross,Submitted,Public area needs additional waste bin,Residents request an extra covered bin near the bus waiting area.,Request for an additional covered waste bin.,School Cross bus waiting area,2026-09-23T00:00:00Z,,,Synthetic CPGRAMS-style academic demonstration record; not an official grievance
